modelo,mean_iou,mean_f1,mean_recall,mean_precision,mean_dice,mean_specificity,mean_f2,mean_pixel_accuracy,mean_boundary_iou,mean_hausdorff_95,mean_latency_ms,mean_vram_mb,train_time_minutes,eval_time_minutes
sam_b_kvasir,0.772955079321379,0.85579798857732,0.8595060530728937,0.9028114534742095,0.85579798857732,0.9817864784119827,0.8523523677691177,0.9575247012461778,0.07742598133438981,99.3268973269164,190.26813824971518,0.02666666666666667
sam_l_kvasir,0.7769648324275596,0.8507033023908068,0.9272223728085112,0.8370707997207083,0.8507033023908068,0.9606556523811524,0.8802010297607554,0.9469129264530829,0.10384164773157165,111.95895989014574,415.3074312210083,0.02666666666666667
sam_2_b_kvasir,0.7086680682634542,0.7839216861135699,0.7761967413497676,0.8623787793938262,0.78392168611357,0.9820675986782614,0.7739210188506043,0.936588415678677,0.10539575381175176,124.92370779394201,246.92007382710776,0.10666666666666667
sam_2.1_b_kvasir,0.7184293227158001,0.8038793023919059,0.8060324243909889,0.8663140926618477,0.8038793023919059,0.9829476224552934,0.7993810126721844,0.9404605103220263,0.0928310215948356,133.07158786271407,227.54906018575033,0.10666666666666667
sam_2_l_kvasir,0.7154987925572888,0.7811665795372341,0.8040975873984302,0.8124268563057069,0.7811665795372341,0.9736704589234755,0.7894189757941594,0.936719339695892,0.10712257453122721,143.1297233598129,339.4000005722046,0.11333333333333333
sam_2.1_l_kvasir,0.7684527237936917,0.8426393481378338,0.8622624424195471,0.8724900034499544,0.8426393481378338,0.980017806316787,0.8496763856297863,0.9495484762429317,0.10898477200635254,122.10434960843178,292.4147701263428,0.11333333333333333
sam_3_kvasir,0.8745137016569953,0.9271704093493637,0.9195338743202786,0.9506024747586017,0.9271704093493637,0.9901124727264959,0.9210617044414717,0.9721777780099,0.13917648869759242,66.01380902357397,826.663932800293,1.0979817708333333
sam_b_pascals,0.7815663746940829,0.8570323537796134,0.8758497939405558,0.8810710863307359,0.8570323537796134,0.9689362587349741,0.8601295291242258,0.9432627455510922,0.16554572537323065,67.84091464000339,180.86331896483898,0.03125
sam_l_pascals,0.8095556162932747,0.878098103306951,0.8663647781607506,0.9195109377915218,0.8780981033069509,0.9861620459777667,0.8675835461536201,0.95324705136621,0.16141774826937744,48.03464806377501,407.98092633485794,0.03125
sam_2_b_pascal,0.7870338231433456,0.8578006974016891,0.8355590794618242,0.918529604133068,0.8578006974016891,0.9864970771124562,0.8420821513182304,0.9486739015882388,0.19899913853376305,68.44776755041372,145.86522430181503,0.125
sam_2.1_b_pascal,0.7600041549585554,0.8334434872458427,0.8067801908258954,0.9269137904840281,0.8334434872458427,0.986913703764376,0.8147242970101399,0.9395574113001441,0.187798360661062,64.2826868095562,219.91800144314766,0.125
sam_2_l_pascal,0.7776829775042988,0.8517257085497488,0.8147912942535039,0.9389260309628105,0.8517257085497488,0.9869128350897846,0.8268097287887081,0.9418037237310024,0.18769427753755452,57.244971168693425,359.77774299681187,0.125
sam_2.1_l_pascal,0.7729814522743794,0.8472331015517218,0.826398839558423,0.9229438314840965,0.8472331015517218,0.9851281195428974,0.8316560742953042,0.9406005653178824,0.18594953051856672,68.43919290994876,294.2268066108227,0.1328125
sam_3_pascals,0.8243564895526456,0.8865987971280163,0.9078721143769055,0.8877723974513337,0.8865987971280163,0.9684613854854476,0.8964407064541238,0.9534780244336399,0.19485780033096736,75.50071249695995,438.6302586644888,1.0623550415039062
sam_b_isic2016,0.7634479826250928,0.8546516423041479,0.8762466218339495,0.882517382868233,0.854651642304148,0.9722861634202008,0.8595111584705143,0.9266299584650651,0.018958931628979506,45.17959219692896,145.71427103711935,0.010554089709762533
sam_l_isic2016,0.7150560800362401,0.80956856076734,0.8654553138118101,0.8455935970832508,0.80956856076734,0.9572410052363565,0.8193283661261511,0.9038796429200008,0.01754574389606623,51.480610613637865,257.3707877488753,0.010554089709762533
sam2_b_isic2016,0.8267015332075671,0.8989650713058507,0.8758184532877576,0.9480726118169708,0.8989650713058507,0.980387404971224,0.8822002627303603,0.9491285399966312,0.028837412648883957,29.151756226016985,142.68924567189885,0.04221635883905013
sam2.1_b_isic2016,0.8280568932616998,0.9004575662608569,0.8688673459172767,0.9563182483938966,0.9004575662608569,0.9827560989594032,0.8789741253737079,0.9470246063748912,0.029695722906052904,30.098623763601193,143.7625029470801,0.04221635883905013
sam2_l_isic2016,0.841361139353222,0.9087351441687403,0.9087097656013613,0.9301153602637396,0.9087351441687403,0.975249574010555,0.9045921882739112,0.9533320655836695,0.02539312797011954,27.854339679082646,200.88947542739103,0.044854881266490766
sam2.1_l_isic2016,0.8372301363719524,0.9063560036741971,0.8828457412401836,0.952112957150539,0.9063560036741971,0.9837284634763888,0.8899013724426214,0.9534981030908224,0.02889679101691185,27.986384707012842,193.05662051983433,0.044854881266490766
sam3_isic2016,0.8514829529666023,0.9161042861611133,0.9189903693606174,0.9292808909864873,0.9161042861611132,0.9558539928447017,0.9155625975083236,0.9573783878663478,0.028470365789728287,31.303982902668,535.9757311425926,2.4228837710257256
sam_b_mapillary,0.03170702948823449,0.0476506693508336,0.1852223626625743,0.05322102657670799,0.0476506693508336,0.9308254065317777,0.058092424720291524,0.9227305219865118,0.004634719946544772,155.4310910126624,19.59329768911688,0.0,1620.27,8.93
sam_b_refcocog,0.4228510591308047,0.5414719994005199,0.7134743890034442,0.518061510094807,0.54147199940052,0.8933569688154607,0.6098455176613772,0.8870294905549758,0.046129407577247934,188.4566288814993,112.17767079671223,0.02666666666666667,65.4,2.59
sam_l_refcocog,0.7801874637922662,0.8570855844113298,0.8757621873988046,0.860881710623305,0.8570855844113298,0.9838044654301163,0.8652027049997251,0.9750561885534019,0.11714138261972214,57.62310029521604,206.71851952870688,0.02666666666666667,1045.31,0.84
